Series Name,Series Code,Country Name,Country Code,1990 [YR1990],2000 [YR2000],2007 [YR2007],2008 [YR2008],2009 [YR2009],2010 [YR2010],2011 [YR2011],2012 [YR2012],2013 [YR2013],2014 [YR2014],2015 [YR2015],2016 [YR2016]
Research and development expenditure (% of GDP),GB.XPD.RSDV.GD.ZS,Afghanistan,AFG,..,..,..,..,..,..,..,..,..,..,..,..
Research and development expenditure (% of GDP),GB.XPD.RSDV.GD.ZS,Albania,ALB,..,..,0.0873700007796288,0.154119998216629,..,..,..,..,..,..,..,..
Research and development expenditure (% of GDP),GB.XPD.RSDV.GD.ZS,Algeria,DZA,..,..,..,..,..,..,..,..,..,..,..,..
Research and development expenditure (% of GDP),GB.XPD.RSDV.GD.ZS,American Samoa,ASM,..,..,..,..,..,..,..,..,..,..,..,..
Research and development expenditure (% of GDP),GB.XPD.RSDV.GD.ZS,Andorra,ADO,..,..,..,..,..,..,..,..,..,..,..,..
Research and development expenditure (% of GDP),GB.XPD.RSDV.GD.ZS,Angola,AGO,..,..,..,..,..,..,..,..,..,..,..,..
Research and development expenditure (% of GDP),GB.XPD.RSDV.GD.ZS,Antigua and Barbuda,ATG,..,..,..,..,..,..,..,..,..,..,..,..
Research and development expenditure (% of GDP),GB.XPD.RSDV.GD.ZS,Argentina,ARG,..,0.438840001821518,0.401690006256104,0.421350002288818,0.519010007381439,0.517610013484955,0.536589980125427,0.609390020370483,0.61175000667572,0.613030016422272,..,..
Research and development expenditure (% of GDP),GB.XPD.RSDV.GD.ZS,Armenia,ARM,..,0.184630006551743,0.211070001125336,0.224380001425743,0.29093000292778,0.241390004754066,0.270139992237091,0.238529995083809,0.222159996628761,0.240789994597435,..,..
Research and development expenditure (% of GDP),GB.XPD.RSDV.GD.ZS,Aruba,ABW,..,..,..,..,..,..,..,..,..,..,..,..
Research and development expenditure (% of GDP),GB.XPD.RSDV.GD.ZS,Australia,AUS,..,1.5766099691391,..,2.40242004394531,..,2.38394999504089,2.24605989456177,..,2.19574999809265,..,..,..
Research and development expenditure (% of GDP),GB.XPD.RSDV.GD.ZS,Austria,AUT,..,1.88966000080109,2.43239998817444,2.5855700969696,2.61357998847961,2.73783993721008,2.68163990974426,2.88561010360718,2.964359998703,2.98608994483948,..,..
Research and development expenditure (% of GDP),GB.XPD.RSDV.GD.ZS,Azerbaijan,AZE,..,0.335999995470047,0.170059993863106,0.165539994835854,0.249760001897812,0.218480005860329,0.210840001702309,0.217240005731583,0.211410000920296,0.209910005331039,..,..
Research and development expenditure (% of GDP),GB.XPD.RSDV.GD.ZS,"Bahamas, The",BHS,..,..,..,..,..,..,..,..,..,..,..,..
Research and development expenditure (% of GDP),GB.XPD.RSDV.GD.ZS,Bahrain,BHR,..,..,..,..,..,..,..,..,..,0.0997700020670891,..,..
Research and development expenditure (% of GDP),GB.XPD.RSDV.GD.ZS,Bangladesh,BGD,..,..,..,..,..,..,..,..,..,..,..,..
Research and development expenditure (% of GDP),GB.XPD.RSDV.GD.ZS,Barbados,BRB,..,..,..,..,..,..,..,..,..,..,..,..
Research and development expenditure (% of GDP),GB.XPD.RSDV.GD.ZS,Belarus,BLR,..,0.722100019454956,0.962029993534088,0.741469979286194,0.642690002918243,0.693499982357025,0.700600028038025,0.667050004005432,0.6735799908638,..,..,..
Research and development expenditure (% of GDP),GB.XPD.RSDV.GD.ZS,Belgium,BEL,..,1.92235994338989,1.84412002563477,1.92412996292114,1.98537003993988,2.05080008506775,2.15532994270325,2.36268997192383,2.42964005470276,2.46467995643616,..,..
Research and development expenditure (% of GDP),GB.XPD.RSDV.GD.ZS,Belize,BLZ,..,..,..,..,..,..,..,..,..,..,..,..
Research and development expenditure (% of GDP),GB.XPD.RSDV.GD.ZS,Benin,BEN,..,..,..,..,..,..,..,..,..,..,..,..
Research and development expenditure (% of GDP),GB.XPD.RSDV.GD.ZS,Bermuda,BMU,..,..,0.205259993672371,0.209499999880791,0.222169995307922,0.22282999753952,0.261220008134842,0.23115000128746,0.226060003042221,0.22316999733448,..,..
Research and development expenditure (% of GDP),GB.XPD.RSDV.GD.ZS,Bhutan,BTN,..,..,..,..,..,..,..,..,..,..,..,..
Research and development expenditure (% of GDP),GB.XPD.RSDV.GD.ZS,Bolivia,BOL,..,0.287440001964569,..,..,0.157000005245209,..,..,..,..,..,..,..
Research and development expenditure (% of GDP),GB.XPD.RSDV.GD.ZS,Bosnia and Herzegovina,BIH,..,..,0.0257600005716085,0.0188100002706051,0.0214799996465445,..,..,0.270370006561279,0.327389985322952,0.261079996824265,..,..
Research and development expenditure (% of GDP),GB.XPD.RSDV.GD.ZS,Botswana,BWA,..,..,..,..,..,..,..,0.252290010452271,..,..,..,..
Research and development expenditure (% of GDP),GB.XPD.RSDV.GD.ZS,Brazil,BRA,..,0.998860001564026,1.08227002620697,1.1298600435257,1.12029004096985,1.15962994098663,1.14007997512817,1.15113997459412,1.23601996898651,..,..,..
Research and development expenditure (% of GDP),GB.XPD.RSDV.GD.ZS,British Virgin Islands,VGB,..,..,..,..,..,..,..,..,..,..,..,..
Research and development expenditure (% of GDP),GB.XPD.RSDV.GD.ZS,Brunei Darussalam,BRN,..,..,..,..,..,..,..,..,..,..,..,..
Research and development expenditure (% of GDP),GB.XPD.RSDV.GD.ZS,Bulgaria,BGR,..,0.498849987983704,0.426829993724823,0.445800006389618,0.495660006999969,0.571439981460571,0.536289989948273,0.608479976654053,0.636420011520386,0.795130014419556,..,..
Research and development expenditure (% of GDP),GB.XPD.RSDV.GD.ZS,Burkina Faso,BFA,..,..,0.110619999468327,0.186340004205704,0.200049996376038,..,..,..,..,..,..,..
Research and development expenditure (% of GDP),GB.XPD.RSDV.GD.ZS,Burundi,BDI,..,..,0.200699999928474,0.154190003871918,0.144339993596077,0.137549996376038,0.12126000225544,..,..,..,..,..
Research and development expenditure (% of GDP),GB.XPD.RSDV.GD.ZS,Cabo Verde,CPV,..,..,..,..,..,..,0.0726400017738342,..,..,..,..,..
Research and development expenditure (% of GDP),GB.XPD.RSDV.GD.ZS,Cambodia,KHM,..,..,..,..,..,..,..,..,..,..,..,..
Research and development expenditure (% of GDP),GB.XPD.RSDV.GD.ZS,Cameroon,CMR,..,..,..,..,..,..,..,..,..,..,..,..
Research and development expenditure (% of GDP),GB.XPD.RSDV.GD.ZS,Canada,CAN,..,1.87184000015259,1.91787004470825,1.86826002597809,1.92270994186401,1.8376100063324,1.79851996898651,1.78606998920441,1.68827998638153,1.61152994632721,..,..
Research and development expenditure (% of GDP),GB.XPD.RSDV.GD.ZS,Cayman Islands,CYM,..,..,..,..,..,..,..,..,..,..,..,..
Research and development expenditure (% of GDP),GB.XPD.RSDV.GD.ZS,Central African Republic,CAF,..,..,..,..,..,..,..,..,..,..,..,..
Research and development expenditure (% of GDP),GB.XPD.RSDV.GD.ZS,Chad,TCD,..,..,..,..,..,..,..,..,..,..,..,..
Research and development expenditure (% of GDP),GB.XPD.RSDV.GD.ZS,Channel Islands,CHI,..,..,..,..,..,..,..,..,..,..,..,..
Research and development expenditure (% of GDP),GB.XPD.RSDV.GD.ZS,Chile,CHL,..,..,0.310499995946884,0.374989986419678,0.35291001200676,0.330989986658096,0.35343000292778,0.364789992570877,0.391099989414215,0.379280000925064,..,..
Research and development expenditure (% of GDP),GB.XPD.RSDV.GD.ZS,China,CHN,..,0.897669970989227,1.38432002067566,1.45729994773865,1.67870998382568,1.72720003128052,1.7943799495697,1.92809998989105,2.0146598815918,2.04604005813599,..,..
Research and development expenditure (% of GDP),GB.XPD.RSDV.GD.ZS,Colombia,COL,..,0.106030002236366,0.181630000472069,0.194509997963905,0.192959994077682,0.195659995079041,0.207469999790192,0.206929996609688,0.255380004644394,0.195339992642403,..,..
Research and development expenditure (% of GDP),GB.XPD.RSDV.GD.ZS,Comoros,COM,..,..,..,..,..,..,..,..,..,..,..,..
Research and development expenditure (% of GDP),GB.XPD.RSDV.GD.ZS,"Congo, Dem. Rep.",ZAR,..,..,0.139200001955032,0.0850299969315529,0.0798700004816055,..,..,..,..,..,..,..
Research and development expenditure (% of GDP),GB.XPD.RSDV.GD.ZS,"Congo, Rep.",COG,..,..,..,..,..,..,..,..,..,..,..,..
Research and development expenditure (% of GDP),GB.XPD.RSDV.GD.ZS,Costa Rica,CRI,..,0.387279987335205,0.364170014858246,0.398400008678436,0.541170001029968,0.482609987258911,0.474029988050461,0.570450007915497,0.561410009860992,..,..,..
Research and development expenditure (% of GDP),GB.XPD.RSDV.GD.ZS,Cote d'Ivoire,CIV,..,..,..,..,..,..,..,..,..,..,..,..
Research and development expenditure (% of GDP),GB.XPD.RSDV.GD.ZS,Croatia,HRV,..,1.04410004615784,0.792249977588654,0.884130001068115,0.844250023365021,0.744690001010895,0.752369999885559,0.751129984855652,0.815609991550446,0.790000021457672,..,..
Research and development expenditure (% of GDP),GB.XPD.RSDV.GD.ZS,Cuba,CUB,..,0.478650003671646,0.436150014400482,0.500609993934631,0.614870011806488,0.6076700091362,0.271919995546341,0.407169997692108,0.474660009145737,0.40531998872757,..,..
Research and development expenditure (% of GDP),GB.XPD.RSDV.GD.ZS,Curacao,CUW,..,..,..,..,..,..,..,..,..,..,..,..
Research and development expenditure (% of GDP),GB.XPD.RSDV.GD.ZS,Cyprus,CYP,..,0.228180006146431,0.404309988021851,0.390890002250671,0.450459986925125,0.452179998159409,0.456120014190674,0.429250001907349,0.462660014629364,0.472400009632111,..,..
Research and development expenditure (% of GDP),GB.XPD.RSDV.GD.ZS,Czech Republic,CZE,..,1.11635994911194,1.30508995056152,1.2420300245285,1.29721999168396,1.33985996246338,1.56006002426147,1.79038000106812,1.90952003002167,1.99733996391296,..,..
Research and development expenditure (% of GDP),GB.XPD.RSDV.GD.ZS,Denmark,DNK,..,..,2.51481008529663,2.77951002120972,3.06927990913391,2.93696999549866,2.96625995635986,3.02631998062134,3.08493995666504,3.08492994308472,..,..
Research and development expenditure (% of GDP),GB.XPD.RSDV.GD.ZS,Djibouti,DJI,..,..,..,..,..,..,..,..,..,..,..,..
Research and development expenditure (% of GDP),GB.XPD.RSDV.GD.ZS,Dominica,DMA,..,..,..,..,..,..,..,..,..,..,..,..
Research and development expenditure (% of GDP),GB.XPD.RSDV.GD.ZS,Dominican Republic,DOM,..,..,..,..,..,..,..,..,..,..,..,..
Research and development expenditure (% of GDP),GB.XPD.RSDV.GD.ZS,Ecuador,ECU,..,..,0.131940007209778,0.227789998054504,0.394630014896393,0.402969986200333,0.339910000562668,..,..,..,..,..
Research and development expenditure (% of GDP),GB.XPD.RSDV.GD.ZS,"Egypt, Arab Rep.",EGY,..,0.192469999194145,0.255100011825562,0.270240008831024,0.433120012283325,0.433450013399124,0.531539976596832,0.541029989719391,0.677980005741119,0.678680002689362,..,..
Research and development expenditure (% of GDP),GB.XPD.RSDV.GD.ZS,El Salvador,SLV,..,..,0.0893500000238419,0.112450003623962,0.0774400010704994,0.0672300010919571,0.0311200004070997,0.0305100008845329,0.0576799996197224,0.0842000022530556,..,..
Research and development expenditure (% of GDP),GB.XPD.RSDV.GD.ZS,Equatorial Guinea,GNQ,..,..,..,..,..,..,..,..,..,..,..,..
Research and development expenditure (% of GDP),GB.XPD.RSDV.GD.ZS,Eritrea,ERI,..,..,..,..,..,..,..,..,..,..,..,..
Research and development expenditure (% of GDP),GB.XPD.RSDV.GD.ZS,Estonia,EST,..,0.600090026855469,1.06884002685547,1.25952005386353,1.39540994167328,1.58141005039215,2.30655002593994,2.11425995826721,1.71467995643616,1.43636000156403,..,..
Research and development expenditure (% of GDP),GB.XPD.RSDV.GD.ZS,Ethiopia,ETH,..,..,0.170890003442764,..,..,0.241370007395744,..,..,0.604740023612976,..,..,..
Research and development expenditure (% of GDP),GB.XPD.RSDV.GD.ZS,Faroe Islands,FRO,..,..,..,..,..,..,..,..,..,..,..,..
Research and development expenditure (% of GDP),GB.XPD.RSDV.GD.ZS,Fiji,FJI,..,..,..,..,..,..,..,..,..,..,..,..
Research and development expenditure (% of GDP),GB.XPD.RSDV.GD.ZS,Finland,FIN,..,3.24569010734558,3.34576988220215,3.54708003997803,3.74883008003235,3.72598004341125,3.6388099193573,3.41948008537292,3.29682993888855,3.17388010025024,..,..
Research and development expenditure (% of GDP),GB.XPD.RSDV.GD.ZS,France,FRA,..,2.08400011062622,2.02003002166748,2.05759000778198,2.20910000801086,2.17509007453918,2.19063997268677,2.22906994819641,2.24326992034912,2.25599002838135,..,..
Research and development expenditure (% of GDP),GB.XPD.RSDV.GD.ZS,French Polynesia,PYF,..,..,..,..,..,..,..,..,..,..,..,..
Research and development expenditure (% of GDP),GB.XPD.RSDV.GD.ZS,Gabon,GAB,..,..,0.416330009698868,0.510900020599365,0.57507997751236,..,..,..,..,..,..,..
Research and development expenditure (% of GDP),GB.XPD.RSDV.GD.ZS,"Gambia, The",GMB,..,..,..,0.0203900001943111,0.0174800008535385,..,0.132210001349449,..,..,..,..,..
Research and development expenditure (% of GDP),GB.XPD.RSDV.GD.ZS,Georgia,GEO,..,0.215299993753433,..,..,..,..,..,..,0.0836699977517128,0.0984300002455711,..,..
Research and development expenditure (% of GDP),GB.XPD.RSDV.GD.ZS,Germany,DEU,..,2.39165997505188,2.44633007049561,2.5971200466156,2.72643995285034,2.71367001533508,2.79561996459961,2.87167000770569,2.82646989822388,2.86854004859924,..,..
Research and development expenditure (% of GDP),GB.XPD.RSDV.GD.ZS,Ghana,GHA,..,..,0.23157000541687,..,..,0.376549988985062,..,..,..,..,..,..
Research and development expenditure (% of GDP),GB.XPD.RSDV.GD.ZS,Gibraltar,GIB,..,..,..,..,..,..,..,..,..,..,..,..
Research and development expenditure (% of GDP),GB.XPD.RSDV.GD.ZS,Greece,GRC,..,..,0.576550006866455,0.661830008029938,0.625569999217987,0.598380029201508,0.67195999622345,0.699570000171661,0.812510013580322,0.838450014591217,..,..
Research and development expenditure (% of GDP),GB.XPD.RSDV.GD.ZS,Greenland,GRL,..,..,..,..,..,..,..,..,..,..,..,..
Research and development expenditure (% of GDP),GB.XPD.RSDV.GD.ZS,Grenada,GRD,..,..,..,..,..,..,..,..,..,..,..,..
Research and development expenditure (% of GDP),GB.XPD.RSDV.GD.ZS,Guam,GUM,..,..,..,..,..,..,..,..,..,..,..,..
Research and development expenditure (% of GDP),GB.XPD.RSDV.GD.ZS,Guatemala,GTM,..,..,0.0667399987578392,0.0618899986147881,0.0553000010550022,0.0434999987483025,0.048140000551939,0.044709999114275,..,..,..,..
Research and development expenditure (% of GDP),GB.XPD.RSDV.GD.ZS,Guinea,GIN,..,..,..,..,..,..,..,..,..,..,..,..
Research and development expenditure (% of GDP),GB.XPD.RSDV.GD.ZS,Guinea-Bissau,GNB,..,..,..,..,..,..,..,..,..,..,..,..
Research and development expenditure (% of GDP),GB.XPD.RSDV.GD.ZS,Guyana,GUY,..,..,..,..,..,..,..,..,..,..,..,..
Research and development expenditure (% of GDP),GB.XPD.RSDV.GD.ZS,Haiti,HTI,..,..,..,..,..,..,..,..,..,..,..,..
Research and development expenditure (% of GDP),GB.XPD.RSDV.GD.ZS,Honduras,HND,..,0.0445300005376339,..,..,..,..,..,..,..,..,..,..
Research and development expenditure (% of GDP),GB.XPD.RSDV.GD.ZS,"Hong Kong SAR, China",HKG,..,0.46492999792099,0.751609981060028,0.71995997428894,0.773419976234436,0.749459981918335,0.720860004425049,0.727330029010773,0.730050027370453,..,..,..
Research and development expenditure (% of GDP),GB.XPD.RSDV.GD.ZS,Hungary,HUN,..,0.791769981384277,0.96204000711441,0.985230028629303,1.13926994800568,1.14672994613647,1.19620001316071,1.2703800201416,1.39731001853943,1.37072002887726,..,..
Research and development expenditure (% of GDP),GB.XPD.RSDV.GD.ZS,Iceland,ISL,..,2.60109996795654,2.57558989524841,2.54061007499695,2.65756011009216,..,2.49482989311218,..,1.87304997444153,1.89079999923706,..,..
Research and development expenditure (% of GDP),GB.XPD.RSDV.GD.ZS,India,IND,..,0.743950009346008,0.790799975395203,0.841080009937286,0.818809986114502,0.797179996967316,0.822239995002747,..,..,..,..,..
Research and development expenditure (% of GDP),GB.XPD.RSDV.GD.ZS,Indonesia,IDN,..,0.0676899999380112,..,..,0.0833199992775917,..,..,..,0.0848900005221367,..,..,..
Research and development expenditure (% of GDP),GB.XPD.RSDV.GD.ZS,"Iran, Islamic Rep.",IRN,..,..,..,0.67111998796463,0.284480005502701,0.277599990367889,..,0.32506000995636,..,..,..,..
Research and development expenditure (% of GDP),GB.XPD.RSDV.GD.ZS,Iraq,IRQ,..,..,0.0455400012433529,0.0343500003218651,0.0456200018525124,0.0368399992585182,0.0347599983215332,..,..,0.0391900017857552,..,..
Research and development expenditure (% of GDP),GB.XPD.RSDV.GD.ZS,Ireland,IRL,..,1.08518004417419,1.23417997360229,1.38931000232697,1.61454999446869,1.60661995410919,1.53264999389648,1.56360995769501,1.53598999977112,1.51889002323151,..,..
Research and development expenditure (% of GDP),GB.XPD.RSDV.GD.ZS,Isle of Man,IMY,..,..,..,..,..,..,..,..,..,..,..,..
Research and development expenditure (% of GDP),GB.XPD.RSDV.GD.ZS,Israel,ISR,..,3.93168997764587,4.40744018554688,4.32914018630981,4.12099981307983,3.9299099445343,4.01098012924194,4.12858009338379,4.08816003799438,4.10858011245728,..,..
Research and development expenditure (% of GDP),GB.XPD.RSDV.GD.ZS,Italy,ITA,..,1.00505995750427,1.13216996192932,1.16311001777649,1.22065997123718,1.22221004962921,1.20879995822906,1.26976001262665,1.30581998825073,1.28699994087219,..,..
Research and development expenditure (% of GDP),GB.XPD.RSDV.GD.ZS,Jamaica,JAM,..,..,..,..,..,..,..,..,..,..,..,..
Research and development expenditure (% of GDP),GB.XPD.RSDV.GD.ZS,Japan,JPN,..,3.00168991088867,3.4614200592041,3.46706008911133,3.35734009742737,3.25394010543823,3.38313007354736,3.34313988685608,3.47409009933472,3.58418011665344,..,..
Research and development expenditure (% of GDP),GB.XPD.RSDV.GD.ZS,Jordan,JOR,..,..,..,0.434700012207031,..,..,..,..,..,..,..,..
Research and development expenditure (% of GDP),GB.XPD.RSDV.GD.ZS,Kazakhstan,KAZ,..,0.18104000389576,0.208839997649193,0.216539993882179,0.229240000247955,0.153410002589226,0.157230004668236,0.168889999389648,0.174830004572868,..,..,..
Research and development expenditure (% of GDP),GB.XPD.RSDV.GD.ZS,Kenya,KEN,..,..,0.35521000623703,..,..,0.785780012607574,..,..,..,..,..,..
Research and development expenditure (% of GDP),GB.XPD.RSDV.GD.ZS,Kiribati,KIR,..,..,..,..,..,..,..,..,..,..,..,..
Research and development expenditure (% of GDP),GB.XPD.RSDV.GD.ZS,"Korea, Dem. People’s Rep.",PRK,..,..,..,..,..,..,..,..,..,..,..,..
Research and development expenditure (% of GDP),GB.XPD.RSDV.GD.ZS,"Korea, Rep.",KOR,..,2.18022990226746,3.0003399848938,3.12344002723694,3.2932300567627,3.46593999862671,3.74361991882324,4.0255298614502,4.14851999282837,4.29162979125977,..,..
Research and development expenditure (% of GDP),GB.XPD.RSDV.GD.ZS,Kosovo,KSV,..,..,..,..,..,..,..,..,..,..,..,..
Research and development expenditure (% of GDP),GB.XPD.RSDV.GD.ZS,Kuwait,KWT,..,0.125430002808571,0.0858500003814697,0.0855000019073486,0.112199999392033,0.101400002837181,0.0989800021052361,0.0972099974751472,0.301530003547668,..,..,..
Research and development expenditure (% of GDP),GB.XPD.RSDV.GD.ZS,Kyrgyz Republic,KGZ,..,0.156369999051094,0.234249994158745,0.190170004963875,0.159970000386238,0.155469998717308,0.15633000433445,0.16609999537468,0.149140000343323,0.12644000351429,..,..
Research and development expenditure (% of GDP),GB.XPD.RSDV.GD.ZS,Lao PDR,LAO,..,..,..,..,..,..,..,..,..,..,..,..
Research and development expenditure (% of GDP),GB.XPD.RSDV.GD.ZS,Latvia,LVA,..,0.436150014400482,0.554769992828369,0.58227002620697,0.453150004148483,0.61133998632431,0.698629975318909,0.666530013084412,0.612839996814728,0.69038999080658,..,..
Research and development expenditure (% of GDP),GB.XPD.RSDV.GD.ZS,Lebanon,LBN,..,..,..,..,..,..,..,..,..,..,..,..
Research and development expenditure (% of GDP),GB.XPD.RSDV.GD.ZS,Lesotho,LSO,..,..,..,..,0.0296000000089407,..,0.0128300003707409,..,..,..,..,..
Research and development expenditure (% of GDP),GB.XPD.RSDV.GD.ZS,Liberia,LBR,..,..,..,..,..,..,..,..,..,..,..,..
Research and development expenditure (% of GDP),GB.XPD.RSDV.GD.ZS,Libya,LBY,..,..,..,..,..,..,..,..,..,..,..,..
Research and development expenditure (% of GDP),GB.XPD.RSDV.GD.ZS,Liechtenstein,LIE,..,..,..,..,..,..,..,..,..,..,..,..
Research and development expenditure (% of GDP),GB.XPD.RSDV.GD.ZS,Lithuania,LTU,..,0.584800004959106,0.800930023193359,0.788439989089966,0.829670011997223,0.783479988574982,0.904250025749207,0.895060002803802,0.950810015201569,1.01477003097534,..,..
Research and development expenditure (% of GDP),GB.XPD.RSDV.GD.ZS,Luxembourg,LUX,..,1.56848001480103,1.60908997058868,1.643669962883,1.71026003360748,1.5273699760437,1.49526000022888,1.28839004039764,1.30142998695374,1.2561000585556,..,..
Research and development expenditure (% of GDP),GB.XPD.RSDV.GD.ZS,"Macao SAR, China",MAC,..,..,0.0580600015819073,0.102509997785091,0.0547700002789497,0.0499100014567375,0.0445300005376339,0.0481100007891655,0.0513899996876717,0.0868100002408028,..,..
Research and development expenditure (% of GDP),GB.XPD.RSDV.GD.ZS,"Macedonia, FYR",MKD,..,0.418879985809326,0.170929998159409,0.223580002784729,0.196789994835854,0.216340005397797,0.222760006785393,0.326759994029999,0.440990000963211,..,..,..
Research and development expenditure (% of GDP),GB.XPD.RSDV.GD.ZS,Madagascar,MDG,..,0.119759999215603,0.14036999642849,0.134039998054504,0.146830007433891,0.113240003585815,0.105879999697208,..,..,0.0156199997290969,..,..
Research and development expenditure (% of GDP),GB.XPD.RSDV.GD.ZS,Malawi,MWI,..,..,..,..,..,..,..,..,..,..,..,..
Research and development expenditure (% of GDP),GB.XPD.RSDV.GD.ZS,Malaysia,MYS,..,0.468989998102188,..,0.788469970226288,1.01001000404358,1.03608000278473,1.03341996669769,1.09268999099731,..,1.26259005069733,..,..
Research and development expenditure (% of GDP),GB.XPD.RSDV.GD.ZS,Maldives,MDV,..,..,..,..,..,..,..,..,..,..,..,..
Research and development expenditure (% of GDP),GB.XPD.RSDV.GD.ZS,Mali,MLI,..,..,0.249149993062019,..,..,0.672720015048981,..,..,..,..,..,..
Research and development expenditure (% of GDP),GB.XPD.RSDV.GD.ZS,Malta,MLT,..,..,0.578909993171692,0.559689998626709,0.54475998878479,0.684750020503998,0.713620007038116,0.893199980258942,0.884570002555847,0.848089993000031,..,..
Research and development expenditure (% of GDP),GB.XPD.RSDV.GD.ZS,Marshall Islands,MHL,..,..,..,..,..,..,..,..,..,..,..,..
Research and development expenditure (% of GDP),GB.XPD.RSDV.GD.ZS,Mauritania,MRT,..,..,..,..,..,..,..,..,..,..,..,..
Research and development expenditure (% of GDP),GB.XPD.RSDV.GD.ZS,Mauritius,MUS,..,0.289029985666275,..,..,..,..,..,0.181189998984337,..,..,..,..
Research and development expenditure (% of GDP),GB.XPD.RSDV.GD.ZS,Mexico,MEX,..,0.31700000166893,0.368499994277954,0.403829991817474,0.431410014629364,0.454609990119934,0.425630003213882,0.431950002908707,0.501230001449585,0.538119971752167,..,..
Research and development expenditure (% of GDP),GB.XPD.RSDV.GD.ZS,"Micronesia, Fed. Sts.",FSM,..,..,..,..,..,..,..,..,..,..,..,..
Research and development expenditure (% of GDP),GB.XPD.RSDV.GD.ZS,Moldova,MDA,..,..,0.54558002948761,0.534630000591278,0.525569975376129,0.439869999885559,0.404989987611771,0.417329996824265,0.354189991950989,0.371520012617111,..,..
Research and development expenditure (% of GDP),GB.XPD.RSDV.GD.ZS,Monaco,MCO,..,..,..,..,..,..,..,..,..,..,..,..
Research and development expenditure (% of GDP),GB.XPD.RSDV.GD.ZS,Mongolia,MNG,..,0.187570005655289,0.238269999623299,0.336670011281967,0.304780006408691,0.244379997253418,0.230540007352829,0.23913000524044,0.233140006661415,0.227310001850128,..,..
Research and development expenditure (% of GDP),GB.XPD.RSDV.GD.ZS,Montenegro,MNE,..,..,1.14891004562378,..,..,..,0.404790014028549,..,0.374309986829758,0.363200008869171,..,..
Research and development expenditure (% of GDP),GB.XPD.RSDV.GD.ZS,Morocco,MAR,..,..,..,..,..,0.714540004730225,..,..,..,..,..,..
Research and development expenditure (% of GDP),GB.XPD.RSDV.GD.ZS,Mozambique,MOZ,..,..,..,0.152940005064011,..,0.422520011663437,..,..,..,..,..,..
Research and development expenditure (% of GDP),GB.XPD.RSDV.GD.ZS,Myanmar,MMR,..,0.113059997558594,..,..,..,..,..,..,..,..,..,..
Research and development expenditure (% of GDP),GB.XPD.RSDV.GD.ZS,Namibia,NAM,..,..,..,..,..,0.141650006175041,..,..,..,..,..,..
Research and development expenditure (% of GDP),GB.XPD.RSDV.GD.ZS,Nauru,NRU,..,..,..,..,..,..,..,..,..,..,..,..
Research and development expenditure (% of GDP),GB.XPD.RSDV.GD.ZS,Nepal,NPL,..,..,..,0.0543899983167648,0.259240001440048,0.302210003137589,..,..,..,..,..,..
Research and development expenditure (% of GDP),GB.XPD.RSDV.GD.ZS,Netherlands,NLD,..,1.80555999279022,1.68633997440338,1.64309000968933,1.68540000915527,1.72475004196167,1.90305995941162,1.93945002555847,1.95793998241425,1.9728000164032,..,..
Research and development expenditure (% of GDP),GB.XPD.RSDV.GD.ZS,New Caledonia,NCL,..,..,..,..,..,..,..,..,..,..,..,..
Research and development expenditure (% of GDP),GB.XPD.RSDV.GD.ZS,New Zealand,NZL,..,..,1.16113996505737,..,1.26156997680664,..,1.24821996688843,..,1.17160999774933,..,..,..
Research and development expenditure (% of GDP),GB.XPD.RSDV.GD.ZS,Nicaragua,NIC,..,..,..,..,..,..,..,..,..,..,..,..
Research and development expenditure (% of GDP),GB.XPD.RSDV.GD.ZS,Niger,NER,..,..,..,..,..,..,..,..,..,..,..,..
Research and development expenditure (% of GDP),GB.XPD.RSDV.GD.ZS,Nigeria,NGA,..,..,0.218960002064705,..,..,..,..,..,..,..,..,..
Research and development expenditure (% of GDP),GB.XPD.RSDV.GD.ZS,Northern Mariana Islands,MNP,..,..,..,..,..,..,..,..,..,..,..,..
Research and development expenditure (% of GDP),GB.XPD.RSDV.GD.ZS,Norway,NOR,..,..,1.56477999687195,1.55550003051758,1.72385001182556,1.65086996555328,1.62753999233246,1.62023997306824,1.65367996692657,1.71022999286652,..,..
Research and development expenditure (% of GDP),GB.XPD.RSDV.GD.ZS,Oman,OMN,..,..,..,..,..,..,0.136449992656708,0.209319993853569,0.170870006084442,..,..,..
Research and development expenditure (% of GDP),GB.XPD.RSDV.GD.ZS,Pakistan,PAK,..,0.128279998898506,0.632499992847443,..,0.448060005903244,..,0.329169988632202,..,0.292939990758896,..,..,..
Research and development expenditure (% of GDP),GB.XPD.RSDV.GD.ZS,Palau,PLW,..,..,..,..,..,..,..,..,..,..,..,..
Research and development expenditure (% of GDP),GB.XPD.RSDV.GD.ZS,Panama,PAN,..,0.383980005979538,0.183219999074936,0.192729994654655,0.138170003890991,0.14767000079155,0.180399999022484,0.0802500024437904,0.0663599967956543,..,..,..
Research and development expenditure (% of GDP),GB.XPD.RSDV.GD.ZS,Papua New Guinea,PNG,..,..,..,..,..,..,..,..,..,..,..,..
Research and development expenditure (% of GDP),GB.XPD.RSDV.GD.ZS,Paraguay,PRY,..,..,..,0.0547199994325638,..,..,0.0567100010812283,0.0881600007414818,..,..,..,..
Research and development expenditure (% of GDP),GB.XPD.RSDV.GD.ZS,Peru,PER,..,0.114349998533726,..,..,..,..,..,..,..,..,..,..
Research and development expenditure (% of GDP),GB.XPD.RSDV.GD.ZS,Philippines,PHL,..,..,0.10963000357151,..,0.11395999789238,..,0.117260001599789,..,0.137879997491837,..,..,..
Research and development expenditure (% of GDP),GB.XPD.RSDV.GD.ZS,Poland,POL,..,0.642019987106323,0.562279999256134,0.603309988975525,0.666000008583069,0.720809996128082,0.746010005474091,0.881089985370636,0.870819985866547,0.940500020980835,..,..
Research and development expenditure (% of GDP),GB.XPD.RSDV.GD.ZS,Portugal,PRT,..,0.721270024776459,1.12426996231079,1.44519996643066,1.57973003387451,1.5325700044632,1.45683002471924,1.377769947052,1.32641005516052,1.28519999980927,..,..
Research and development expenditure (% of GDP),GB.XPD.RSDV.GD.ZS,Puerto Rico,PRI,..,..,..,..,0.451310008764267,..,..,..,0.435680001974106,..,..,..
Research and development expenditure (% of GDP),GB.XPD.RSDV.GD.ZS,Qatar,QAT,..,..,..,..,..,..,..,0.469909995794296,..,..,..,..
Research and development expenditure (% of GDP),GB.XPD.RSDV.GD.ZS,Romania,ROM,..,0.364450007677078,0.520569980144501,0.568409979343414,0.461670011281967,0.452060014009476,0.493160009384155,0.481449991464615,0.386579990386963,0.383370012044907,..,..
Research and development expenditure (% of GDP),GB.XPD.RSDV.GD.ZS,Russian Federation,RUS,..,1.04983997344971,1.11610996723175,1.04435002803802,1.2519199848175,1.13020002841949,1.09069001674652,1.12562000751495,1.13278996944427,1.18691003322601,..,..
Research and development expenditure (% of GDP),GB.XPD.RSDV.GD.ZS,Rwanda,RWA,..,..,..,..,..,..,..,..,..,..,..,..
Research and development expenditure (% of GDP),GB.XPD.RSDV.GD.ZS,Samoa,WSM,..,..,..,..,..,..,..,..,..,..,..,..
Research and development expenditure (% of GDP),GB.XPD.RSDV.GD.ZS,San Marino,SMR,..,..,..,..,..,..,..,..,..,..,..,..
Research and development expenditure (% of GDP),GB.XPD.RSDV.GD.ZS,Sao Tome and Principe,STP,..,..,..,..,..,..,..,..,..,..,..,..
Research and development expenditure (% of GDP),GB.XPD.RSDV.GD.ZS,Saudi Arabia,SAU,..,..,0.0452100001275539,0.0490199998021126,0.0733800008893013,..,..,..,..,..,..,..
Research and development expenditure (% of GDP),GB.XPD.RSDV.GD.ZS,Senegal,SEN,..,..,..,0.368339985609055,..,0.540859997272491,..,..,..,..,..,..
Research and development expenditure (% of GDP),GB.XPD.RSDV.GD.ZS,Serbia,SRB,..,0.898069977760315,0.350360006093979,0.373100012540817,0.866129994392395,0.744270026683807,0.724389970302582,0.906910002231598,0.726840019226074,0.775770008563995,..,..
Research and development expenditure (% of GDP),GB.XPD.RSDV.GD.ZS,Seychelles,SYC,..,..,..,..,..,..,..,..,..,..,..,..
Research and development expenditure (% of GDP),GB.XPD.RSDV.GD.ZS,Sierra Leone,SLE,..,..,..,..,..,..,..,..,..,..,..,..
Research and development expenditure (% of GDP),GB.XPD.RSDV.GD.ZS,Singapore,SGP,..,1.8215399980545,2.33699011802673,2.62082004547119,2.15925002098084,2.01296997070313,2.15054988861084,1.99946999549866,2.00047993659973,2.18578004837036,..,..
Research and development expenditure (% of GDP),GB.XPD.RSDV.GD.ZS,Sint Maarten (Dutch part),SXM,..,..,..,..,..,..,..,..,..,..,..,..
Research and development expenditure (% of GDP),GB.XPD.RSDV.GD.ZS,Slovak Republic,SVK,..,0.639270007610321,0.449440002441406,0.463180005550385,0.47477000951767,0.617879986763,0.66499000787735,0.808099985122681,0.82735002040863,0.88621997833252,..,..
Research and development expenditure (% of GDP),GB.XPD.RSDV.GD.ZS,Slovenia,SVN,..,1.35629999637604,1.42382001876831,1.6256400346756,1.81629002094269,2.05763006210327,2.42357993125916,2.57946991920471,2.60392999649048,2.386470079422,..,..
Research and development expenditure (% of GDP),GB.XPD.RSDV.GD.ZS,Solomon Islands,SLB,..,..,..,..,..,..,..,..,..,..,..,..
Research and development expenditure (% of GDP),GB.XPD.RSDV.GD.ZS,Somalia,SOM,..,..,..,..,..,..,..,..,..,..,..,..
Research and development expenditure (% of GDP),GB.XPD.RSDV.GD.ZS,South Africa,ZAF,..,..,0.882870018482208,0.888159990310669,0.835619986057281,0.737039983272552,0.734200000762939,0.731679975986481,..,..,..,..
Research and development expenditure (% of GDP),GB.XPD.RSDV.GD.ZS,South Sudan,SSD,..,..,..,..,..,..,..,..,..,..,..,..
Research and development expenditure (% of GDP),GB.XPD.RSDV.GD.ZS,Spain,ESP,..,0.88494998216629,1.23448002338409,1.31708002090454,1.35136997699738,1.34965002536774,1.32512998580933,1.28410995006561,1.26172995567322,1.23138999938965,..,..
Research and development expenditure (% of GDP),GB.XPD.RSDV.GD.ZS,Sri Lanka,LKA,..,0.143920004367828,..,0.114440001547337,..,0.136869996786118,..,..,0.100809998810291,..,..,..
Research and development expenditure (% of GDP),GB.XPD.RSDV.GD.ZS,St. Kitts and Nevis,KNA,..,..,..,..,..,..,..,..,..,..,..,..
Research and development expenditure (% of GDP),GB.XPD.RSDV.GD.ZS,St. Lucia,LCA,..,..,..,..,..,..,..,..,..,..,..,..
Research and development expenditure (% of GDP),GB.XPD.RSDV.GD.ZS,St. Martin (French part),MAF,..,..,..,..,..,..,..,..,..,..,..,..
Research and development expenditure (% of GDP),GB.XPD.RSDV.GD.ZS,St. Vincent and the Grenadines,VCT,..,..,..,..,..,..,..,..,..,..,..,..
Research and development expenditure (% of GDP),GB.XPD.RSDV.GD.ZS,Sudan,SDN,..,0.472770005464554,..,..,..,..,..,..,..,..,..,..
Research and development expenditure (% of GDP),GB.XPD.RSDV.GD.ZS,Suriname,SUR,..,..,..,..,..,..,..,..,..,..,..,..
Research and development expenditure (% of GDP),GB.XPD.RSDV.GD.ZS,Swaziland,SWZ,..,..,..,..,..,..,..,..,..,..,..,..
Research and development expenditure (% of GDP),GB.XPD.RSDV.GD.ZS,Sweden,SWE,..,..,3.25660991668701,3.49524998664856,3.44965004920959,3.21612000465393,3.24918007850647,3.28133988380432,3.30605006217957,3.1609001159668,..,..
Research and development expenditure (% of GDP),GB.XPD.RSDV.GD.ZS,Switzerland,CHE,..,2.32682991027832,..,2.72857999801636,..,..,..,2.96661996841431,..,..,..,..
Research and development expenditure (% of GDP),GB.XPD.RSDV.GD.ZS,Syrian Arab Republic,SYR,..,..,..,..,..,..,..,..,..,..,..,..
Research and development expenditure (% of GDP),GB.XPD.RSDV.GD.ZS,Tajikistan,TJK,..,..,0.067780002951622,0.0698300004005432,0.0857700034976006,0.089139997959137,0.121480002999306,0.114200003445148,0.117700003087521,..,..,..
Research and development expenditure (% of GDP),GB.XPD.RSDV.GD.ZS,Tanzania,TZA,..,..,0.339940011501312,..,..,0.380250006914139,..,..,0.529240012168884,..,..,..
Research and development expenditure (% of GDP),GB.XPD.RSDV.GD.ZS,Thailand,THA,..,0.244709998369217,0.200800001621246,..,0.234659999608994,..,0.361669987440109,..,..,0.482859998941422,..,..
Research and development expenditure (% of GDP),GB.XPD.RSDV.GD.ZS,Timor-Leste,TMP,..,..,..,..,..,..,..,..,..,..,..,..
Research and development expenditure (% of GDP),GB.XPD.RSDV.GD.ZS,Togo,TGO,..,..,..,..,..,0.253490000963211,..,0.220829993486404,..,0.26952001452446,..,..
Research and development expenditure (% of GDP),GB.XPD.RSDV.GD.ZS,Tonga,TON,..,..,..,..,..,..,..,..,..,..,..,..
Research and development expenditure (% of GDP),GB.XPD.RSDV.GD.ZS,Trinidad and Tobago,TTO,..,0.126139998435974,0.045889999717474,0.0307199992239475,0.0566500015556812,0.0502500012516975,0.0419300012290478,0.045889999717474,0.0520699992775917,0.0781600028276443,..,..
Research and development expenditure (% of GDP),GB.XPD.RSDV.GD.ZS,Tunisia,TUN,..,..,0.66550999879837,0.639400005340576,0.706439971923828,0.690259993076324,0.707599997520447,0.680739998817444,0.661140024662018,0.641030013561249,..,..
Research and development expenditure (% of GDP),GB.XPD.RSDV.GD.ZS,Turkey,TUR,..,0.479090005159378,0.722410023212433,0.725179970264435,0.849020004272461,0.843429982662201,0.859529972076416,0.92195999622345,0.944769978523254,1.00713002681732,..,..
Research and development expenditure (% of GDP),GB.XPD.RSDV.GD.ZS,Turkmenistan,TKM,..,..,..,..,..,..,..,..,..,..,..,..
Research and development expenditure (% of GDP),GB.XPD.RSDV.GD.ZS,Turks and Caicos Islands,TCA,..,..,..,..,..,..,..,..,..,..,..,..
Research and development expenditure (% of GDP),GB.XPD.RSDV.GD.ZS,Tuvalu,TUV,..,..,..,..,..,..,..,..,..,..,..,..
Research and development expenditure (% of GDP),GB.XPD.RSDV.GD.ZS,Uganda,UGA,..,..,0.388209998607636,0.326319992542267,0.359059989452362,0.475670009851456,..,..,..,..,..,..
Research and development expenditure (% of GDP),GB.XPD.RSDV.GD.ZS,Ukraine,UKR,..,0.962130010128021,0.853190004825592,0.846440017223358,0.856440007686615,0.830980002880096,0.737800002098084,0.751670002937317,0.761749982833862,0.658720016479492,..,..
Research and development expenditure (% of GDP),GB.XPD.RSDV.GD.ZS,United Arab Emirates,ARE,..,..,..,..,..,..,0.489199995994568,..,..,0.699999988079071,..,..
Research and development expenditure (% of GDP),GB.XPD.RSDV.GD.ZS,United Kingdom,GBR,..,1.72425997257233,1.68412005901337,1.6873699426651,1.74080002307892,1.69471001625061,1.69064998626709,1.62178003787994,1.66431999206543,1.70069003105164,..,..
Research and development expenditure (% of GDP),GB.XPD.RSDV.GD.ZS,United States,USA,..,2.62050008773804,2.62692999839783,2.76682996749878,2.81859993934631,2.74045991897583,2.76290988922119,2.69796991348267,2.72528004646301,..,..,..
Research and development expenditure (% of GDP),GB.XPD.RSDV.GD.ZS,Uruguay,URY,..,0.209250003099442,0.424719989299774,0.379729986190796,0.412519991397858,0.341149985790253,0.348699986934662,0.32684001326561,0.321170002222061,0.334419995546341,..,..
Research and development expenditure (% of GDP),GB.XPD.RSDV.GD.ZS,Uzbekistan,UZB,..,..,..,..,..,..,..,..,..,0.197769999504089,..,..
Research and development expenditure (% of GDP),GB.XPD.RSDV.GD.ZS,Vanuatu,VUT,..,..,..,..,..,..,..,..,..,..,..,..
Research and development expenditure (% of GDP),GB.XPD.RSDV.GD.ZS,"Venezuela, RB",VEN,..,..,..,..,..,..,..,..,..,..,..,..
Research and development expenditure (% of GDP),GB.XPD.RSDV.GD.ZS,Vietnam,VNM,..,..,..,..,..,..,0.190439999103546,..,..,..,..,..
Research and development expenditure (% of GDP),GB.XPD.RSDV.GD.ZS,Virgin Islands (U.S.),VIR,..,..,..,..,..,..,..,..,..,..,..,..
Research and development expenditure (% of GDP),GB.XPD.RSDV.GD.ZS,West Bank and Gaza,WBG,..,..,..,..,..,..,..,..,..,..,..,..
Research and development expenditure (% of GDP),GB.XPD.RSDV.GD.ZS,"Yemen, Rep.",YEM,..,..,..,..,..,..,..,..,..,..,..,..
Research and development expenditure (% of GDP),GB.XPD.RSDV.GD.ZS,Zambia,ZMB,..,..,..,0.278189986944199,..,..,..,..,..,..,..,..
Research and development expenditure (% of GDP),GB.XPD.RSDV.GD.ZS,Zimbabwe,ZWE,..,..,..,..,..,..,..,..,..,..,..,..
Scientific and technical journal articles,IP.JRN.ARTC.SC,Afghanistan,AFG,0,2,13,12.7,21.5,29.3,43.2,35,26.5,..,..,..
Scientific and technical journal articles,IP.JRN.ARTC.SC,Albania,ALB,6,22.8,40.5,51.5,77,136.7,160.9,186.5,183.6,..,..,..
Scientific and technical journal articles,IP.JRN.ARTC.SC,Algeria,DZA,98,352.5,1445.8,1829.6,2237.1,2258.5,2620,3173.8,3652.5,..,..,..
Scientific and technical journal articles,IP.JRN.ARTC.SC,American Samoa,ASM,..,..,..,..,..,..,..,..,..,..,..,..
Scientific and technical journal articles,IP.JRN.ARTC.SC,Andorra,ADO,0,1,6.2,0.7,3.4,1.2,1,3.9,5.9,..,..,..
Scientific and technical journal articles,IP.JRN.ARTC.SC,Angola,AGO,1,6.1,10.9,10.7,14,15.7,17.8,21.8,22.6,..,..,..
Scientific and technical journal articles,IP.JRN.ARTC.SC,Antigua and Barbuda,ATG,0,0.3,4.3,6.3,3.8,2.2,0.8,2.5,1.9,..,..,..
Scientific and technical journal articles,IP.JRN.ARTC.SC,Argentina,ARG,1627,4244.1,5666.5,6276.5,7013.5,7420,7859.7,8073.1,8053.1,..,..,..
Scientific and technical journal articles,IP.JRN.ARTC.SC,Armenia,ARM,..,313.6,391.2,387.6,432.3,488.8,612.6,558.7,558.5,..,..,..
Scientific and technical journal articles,IP.JRN.ARTC.SC,Aruba,ABW,..,..,..,..,..,..,..,..,..,..,..,..
Scientific and technical journal articles,IP.JRN.ARTC.SC,Australia,AUS,10664,20660.5,34606.6,35847.1,37928.4,40078.9,42937.1,44488.9,47805.7,..,..,..
Scientific and technical journal articles,IP.JRN.ARTC.SC,Austria,AUT,2690,6171.4,9818,10209.8,10847.8,11042.9,11614.1,12001,12031.3,..,..,..
Scientific and technical journal articles,IP.JRN.ARTC.SC,Azerbaijan,AZE,..,148,408.6,470.8,617,618.7,655.8,683.1,481.8,..,..,..
Scientific and technical journal articles,IP.JRN.ARTC.SC,"Bahamas, The",BHS,1,1.7,11.1,6,9.7,8.8,10.9,7.8,15.8,..,..,..
Scientific and technical journal articles,IP.JRN.ARTC.SC,Bahrain,BHR,46,73.2,176.7,161.1,189,201.7,180.2,157.2,209.7,..,..,..
Scientific and technical journal articles,IP.JRN.ARTC.SC,Bangladesh,BGD,116,436,959.8,1066,1239.9,1546.8,1585.6,2085.9,1970.6,..,..,..
Scientific and technical journal articles,IP.JRN.ARTC.SC,Barbados,BRB,15,24,45.5,43,34.9,24.7,35.5,45.2,39.1,..,..,..
Scientific and technical journal articles,IP.JRN.ARTC.SC,Belarus,BLR,..,1011,1260.4,1030.5,1160.4,1040.1,1088.3,992.4,1000.6,..,..,..
Scientific and technical journal articles,IP.JRN.ARTC.SC,Belgium,BEL,4103,9091.6,13507,14137.6,14826.3,14942,15560.5,16439.7,16511.3,..,..,..
Scientific and technical journal articles,IP.JRN.ARTC.SC,Belize,BLZ,0,0.5,1.8,3.6,9.6,11,3.4,8.5,9.6,..,..,..
Scientific and technical journal articles,IP.JRN.ARTC.SC,Benin,BEN,6,41,90,94.3,125.5,111.3,147.2,159,187.1,..,..,..
Scientific and technical journal articles,IP.JRN.ARTC.SC,Bermuda,BMU,..,..,..,..,..,..,..,..,..,..,..,..
Scientific and technical journal articles,IP.JRN.ARTC.SC,Bhutan,BTN,1,1.1,8.1,6.2,12.1,17.2,17.3,17.2,28.6,..,..,..
Scientific and technical journal articles,IP.JRN.ARTC.SC,Bolivia,BOL,17,34,79.7,96.6,86.2,78.9,85.8,85.1,89.4,..,..,..
Scientific and technical journal articles,IP.JRN.ARTC.SC,Bosnia and Herzegovina,BIH,0,25.7,251.4,336.1,369.3,451.9,481.3,493.7,437.3,..,..,..
Scientific and technical journal articles,IP.JRN.ARTC.SC,Botswana,BWA,17,98.5,138.5,150.3,135.9,149.5,165.7,154.5,165.3,..,..,..
Scientific and technical journal articles,IP.JRN.ARTC.SC,Brazil,BRA,2374,11609.4,30174.1,34534.4,37811.7,40530.5,43218.6,47302.1,48622.2,..,..,..
Scientific and technical journal articles,IP.JRN.ARTC.SC,British Virgin Islands,VGB,..,..,..,..,..,..,..,..,..,..,..,..
Scientific and technical journal articles,IP.JRN.ARTC.SC,Brunei Darussalam,BRN,2,32.2,41.9,44,45.5,47.7,77.6,105.1,120.2,..,..,..
Scientific and technical journal articles,IP.JRN.ARTC.SC,Bulgaria,BGR,1216,1527.4,2371.6,2269.4,2453,2505.1,2434.3,2678.8,2677.3,..,..,..
Scientific and technical journal articles,IP.JRN.ARTC.SC,Burkina Faso,BFA,16,49.4,115.9,122.4,140.5,134.1,168.5,214.8,177,..,..,..
Scientific and technical journal articles,IP.JRN.ARTC.SC,Burundi,BDI,3,0.4,5.5,2.5,3.5,12.8,9,10.8,16.3,..,..,..
Scientific and technical journal articles,IP.JRN.ARTC.SC,Cabo Verde,CPV,0,0.3,1.2,2.1,4.9,3.1,2.4,4,8,..,..,..
Scientific and technical journal articles,IP.JRN.ARTC.SC,Cambodia,KHM,1,13,50.9,50.8,61.1,57.9,67.4,76.2,84,..,..,..
Scientific and technical journal articles,IP.JRN.ARTC.SC,Cameroon,CMR,46,118.1,366.7,342.8,371.6,401.4,450.8,457.1,526.8,..,..,..
Scientific and technical journal articles,IP.JRN.ARTC.SC,Canada,CAN,22792,31093.1,51048.4,52300.3,54298.2,55420.2,56384.2,58420.3,57796.7,..,..,..
Scientific and technical journal articles,IP.JRN.ARTC.SC,Cayman Islands,CYM,..,..,..,..,..,..,..,..,..,..,..,..
Scientific and technical journal articles,IP.JRN.ARTC.SC,Central African Republic,CAF,11,5,8.5,9.8,10.1,14.3,13.4,10.5,11.8,..,..,..
Scientific and technical journal articles,IP.JRN.ARTC.SC,Chad,TCD,0,1.5,5.5,6.8,9.5,6.3,8.9,6,7,..,..,..
Scientific and technical journal articles,IP.JRN.ARTC.SC,Channel Islands,CHI,..,..,..,..,..,..,..,..,..,..,..,..
Scientific and technical journal articles,IP.JRN.ARTC.SC,Chile,CHL,830,1478.5,3399.8,3825.4,4103.6,4198.5,4617.3,5115.8,5157.6,..,..,..
Scientific and technical journal articles,IP.JRN.ARTC.SC,China,CHN,6285,47289.8,207175.3,240030.2,278947.4,305827,351462.8,372038.4,401434.5,..,..,..
Scientific and technical journal articles,IP.JRN.ARTC.SC,Colombia,COL,122,510.2,1565.3,2374.4,2664.5,3113.2,3405.8,4068.5,4455.9,..,..,..
Scientific and technical journal articles,IP.JRN.ARTC.SC,Comoros,COM,0,1,2.1,0.7,0.8,2.2,3.9,1.6,13.9,..,..,..
Scientific and technical journal articles,IP.JRN.ARTC.SC,"Congo, Dem. Rep.",ZAR,29,1.8,7.2,8.4,16.2,18.3,13.7,21.4,16.4,..,..,..
Scientific and technical journal articles,IP.JRN.ARTC.SC,"Congo, Rep.",COG,15,23.2,73.6,74.9,71,91.8,95.2,114.2,136.8,..,..,..
Scientific and technical journal articles,IP.JRN.ARTC.SC,Costa Rica,CRI,54,118.3,215.4,246.1,256.8,264.3,267.1,295.9,276.6,..,..,..
Scientific and technical journal articles,IP.JRN.ARTC.SC,Cote d'Ivoire,CIV,34,70.1,154.3,222.3,190.2,207.3,218.8,220,169.2,..,..,..
Scientific and technical journal articles,IP.JRN.ARTC.SC,Croatia,HRV,..,1727.3,3480.1,3821.6,4176.6,4243,4666.5,4479.2,4359,..,..,..
Scientific and technical journal articles,IP.JRN.ARTC.SC,Cuba,CUB,108,1009.4,1096.8,1175.4,1398.7,1312.6,1585.2,1526,1547.9,..,..,..
Scientific and technical journal articles,IP.JRN.ARTC.SC,Curacao,CUW,..,..,..,..,..,..,..,..,..,..,..,..
Scientific and technical journal articles,IP.JRN.ARTC.SC,Cyprus,CYP,17,133.8,365,434.6,575.4,620.5,656.9,736.9,888.6,..,..,..
Scientific and technical journal articles,IP.JRN.ARTC.SC,Czech Republic,CZE,3079,4904.5,9650.9,10377.1,11026.3,12350,13152.2,13590.8,14022.4,..,..,..
Scientific and technical journal articles,IP.JRN.ARTC.SC,Denmark,DNK,3716,6660.9,8824.1,9040.2,9652.1,10168,11242.1,12237.1,12482.4,..,..,..
Scientific and technical journal articles,IP.JRN.ARTC.SC,Djibouti,DJI,3,2,2.3,2.8,8.1,6.9,4.4,6.5,7.8,..,..,..
Scientific and technical journal articles,IP.JRN.ARTC.SC,Dominica,DMA,0,0,3.9,5.2,6.5,8.6,6.9,10.8,11.3,..,..,..
Scientific and technical journal articles,IP.JRN.ARTC.SC,Dominican Republic,DOM,7,12.1,20.2,18.6,15.5,17.3,20.7,25.5,39.1,..,..,..
Scientific and technical journal articles,IP.JRN.ARTC.SC,Ecuador,ECU,20,70.3,138.5,150.4,182.9,191.6,168,250.4,256,..,..,..
Scientific and technical journal articles,IP.JRN.ARTC.SC,"Egypt, Arab Rep.",EGY,1254,2404.1,4466.9,4893.8,6138.1,6697.7,7708,8929.7,9199.2,..,..,..
Scientific and technical journal articles,IP.JRN.ARTC.SC,El Salvador,SLV,6,8.2,15.3,21.4,38.3,53.6,41.8,39.6,35.4,..,..,..
Scientific and technical journal articles,IP.JRN.ARTC.SC,Equatorial Guinea,GNQ,1,0,3.8,2.6,5,4.2,3.2,3,2.4,..,..,..
Scientific and technical journal articles,IP.JRN.ARTC.SC,Eritrea,ERI,0,3.6,27.7,11.2,8.5,12.2,16.7,7.7,10.6,..,..,..
Scientific and technical journal articles,IP.JRN.ARTC.SC,Estonia,EST,..,442.3,998.8,1087.7,1119.2,1339.8,1365.6,1389.4,1425.8,..,..,..
Scientific and technical journal articles,IP.JRN.ARTC.SC,Ethiopia,ETH,70,155.9,327.9,355.9,423.8,475.1,581.5,718.7,801.7,..,..,..
Scientific and technical journal articles,IP.JRN.ARTC.SC,Faroe Islands,FRO,..,..,..,..,..,..,..,..,..,..,..,..
Scientific and technical journal articles,IP.JRN.ARTC.SC,Fiji,FJI,14,24.5,80.2,60.9,70.3,56.8,58.3,59.5,84,..,..,..
Scientific and technical journal articles,IP.JRN.ARTC.SC,Finland,FIN,3071,6602.1,9053.6,9208,9458.3,9471.5,9828.3,9985.8,10156.7,..,..,..
Scientific and technical journal articles,IP.JRN.ARTC.SC,France,FRA,22937,47509.7,63484.1,66206.3,68329.9,69063.2,70666.9,72424.4,72554.5,..,..,..
Scientific and technical journal articles,IP.JRN.ARTC.SC,French Polynesia,PYF,..,..,..,..,..,..,..,..,..,..,..,..
Scientific and technical journal articles,IP.JRN.ARTC.SC,Gabon,GAB,14,25.2,34.3,43.1,50,41.9,59.4,54.4,50.3,..,..,..
Scientific and technical journal articles,IP.JRN.ARTC.SC,"Gambia, The",GMB,0,30.5,35.9,41.7,42.7,45.4,35.6,37.9,45.1,..,..,..
Scientific and technical journal articles,IP.JRN.ARTC.SC,Georgia,GEO,..,215.7,271.6,323.7,385.8,340.4,451.4,415.2,468.4,..,..,..
Scientific and technical journal articles,IP.JRN.ARTC.SC,Germany,DEU,32295,64372.9,87319.9,89470.3,93328.5,95135.1,98492.8,101777.8,101073.9,..,..,..
Scientific and technical journal articles,IP.JRN.ARTC.SC,Ghana,GHA,40,127.9,262.8,285.3,361.8,402.8,485.4,539.7,583.3,..,..,..
Scientific and technical journal articles,IP.JRN.ARTC.SC,Gibraltar,GIB,..,..,..,..,..,..,..,..,..,..,..,..
Scientific and technical journal articles,IP.JRN.ARTC.SC,Greece,GRC,1397,4879.8,10838.3,11532.9,11802.2,11668.3,11599,11674,11370.4,..,..,..
Scientific and technical journal articles,IP.JRN.ARTC.SC,Greenland,GRL,..,..,..,..,..,..,..,..,..,..,..,..
Scientific and technical journal articles,IP.JRN.ARTC.SC,Grenada,GRD,0,1,19.3,22.8,18.3,15.3,26,26.9,33.8,..,..,..
Scientific and technical journal articles,IP.JRN.ARTC.SC,Guam,GUM,..,..,..,..,..,..,..,..,..,..,..,..
Scientific and technical journal articles,IP.JRN.ARTC.SC,Guatemala,GTM,20,22.3,34.5,41.8,64.6,53.7,48.8,73.2,80.5,..,..,..
Scientific and technical journal articles,IP.JRN.ARTC.SC,Guinea,GIN,3,2.2,14.1,11,10.3,11.3,10.6,11.9,11.5,..,..,..
Scientific and technical journal articles,IP.JRN.ARTC.SC,Guinea-Bissau,GNB,1,1.5,12.1,6.9,8.3,5.8,10.4,13.1,12,..,..,..
Scientific and technical journal articles,IP.JRN.ARTC.SC,Guyana,GUY,5,9.2,14,10.6,10.1,20.1,10.9,13.4,10.7,..,..,..
Scientific and technical journal articles,IP.JRN.ARTC.SC,Haiti,HTI,5,6.5,10.8,6.9,11.2,13.3,17.1,16.5,27.8,..,..,..
Scientific and technical journal articles,IP.JRN.ARTC.SC,Honduras,HND,6,12.7,11.8,16.4,16.4,22.3,19,25.6,20,..,..,..
Scientific and technical journal articles,IP.JRN.ARTC.SC,"Hong Kong SAR, China",HKG,827,..,..,..,..,..,..,..,..,..,..,..
Scientific and technical journal articles,IP.JRN.ARTC.SC,Hungary,HUN,1722,3978.1,5676.2,6196,5893.7,5718.8,6250.6,6340.5,6249.3,..,..,..
Scientific and technical journal articles,IP.JRN.ARTC.SC,Iceland,ISL,89,203.8,359.9,424.4,489,550.5,539.8,627.5,575.9,..,..,..
Scientific and technical journal articles,IP.JRN.ARTC.SC,India,IND,9200,20873.8,43421.1,49101.4,55646.4,65915.9,80515.4,88272.7,93349.4,..,..,..
Scientific and technical journal articles,IP.JRN.ARTC.SC,Indonesia,IDN,104,337.3,542.3,643.7,956.1,1281.3,1769.3,1992.1,2927.7,..,..,..
Scientific and technical journal articles,IP.JRN.ARTC.SC,"Iran, Islamic Rep.",IRN,94,1451.7,13187.7,17251.4,21100.2,25683.2,32975.5,33720.5,32964.8,..,..,..
Scientific and technical journal articles,IP.JRN.ARTC.SC,Iraq,IRQ,164,84.4,240.7,318.8,408.2,606.6,792.5,945.3,946.5,..,..,..
Scientific and technical journal articles,IP.JRN.ARTC.SC,Ireland,IRL,902,2463.7,5323,5615.6,6269,6835.2,7189.5,6926,6874,..,..,..
Scientific and technical journal articles,IP.JRN.ARTC.SC,Isle of Man,IMY,..,..,..,..,..,..,..,..,..,..,..,..
Scientific and technical journal articles,IP.JRN.ARTC.SC,Israel,ISR,4968,8541.9,11065.4,11187.5,11072.9,10736.4,11017.1,11517.6,11300.2,..,..,..
Scientific and technical journal articles,IP.JRN.ARTC.SC,Italy,ITA,13062,33492.8,52883.5,54676.8,57620.2,57362.5,58974.9,63310.5,66310.3,..,..,..
Scientific and technical journal articles,IP.JRN.ARTC.SC,Jamaica,JAM,56,103.9,165.9,198.2,202.8,156.6,200.9,208.4,176.4,..,..,..
Scientific and technical journal articles,IP.JRN.ARTC.SC,Japan,JPN,38570,86232.3,103023.2,102616.6,104732.1,104015,104795.2,104313.9,103376.6,..,..,..
Scientific and technical journal articles,IP.JRN.ARTC.SC,Jordan,JOR,176,517.6,1138.9,1312.6,1406.8,1510.4,1524.5,1514.2,1504.3,..,..,..
Scientific and technical journal articles,IP.JRN.ARTC.SC,Kazakhstan,KAZ,..,174,206.7,217.1,265.5,315.3,376.4,509.9,879,..,..,..
Scientific and technical journal articles,IP.JRN.ARTC.SC,Kenya,KEN,255,350.3,575.1,617.1,692.7,733,840.2,765,871.6,..,..,..
Scientific and technical journal articles,IP.JRN.ARTC.SC,Kiribati,KIR,0,0,1.8,0,0.3,0.3,0,0,1.1,..,..,..
Scientific and technical journal articles,IP.JRN.ARTC.SC,"Korea, Dem. People’s Rep.",PRK,2,22.4,85.9,32.5,76.9,12.2,15.4,22.2,45.3,..,..,..
Scientific and technical journal articles,IP.JRN.ARTC.SC,"Korea, Rep.",KOR,1170,14958.1,40199.8,43095.2,44684.1,49539.1,53821.3,56897,58844.1,..,..,..
Scientific and technical journal articles,IP.JRN.ARTC.SC,Kosovo,KSV,..,4.3,32.5,51.6,95.3,126.8,109.2,119.7,124.3,..,..,..
Scientific and technical journal articles,IP.JRN.ARTC.SC,Kuwait,KWT,368,461.6,711.4,748.7,782.9,740.9,798.7,820.8,843.8,..,..,..
Scientific and technical journal articles,IP.JRN.ARTC.SC,Kyrgyz Republic,KGZ,0,27,37.6,50.4,35.4,34.7,46.2,51.3,60.4,..,..,..
Scientific and technical journal articles,IP.JRN.ARTC.SC,Lao PDR,LAO,0,8.6,26.2,35,40,43.7,48.2,60.4,69,..,..,..
Scientific and technical journal articles,IP.JRN.ARTC.SC,Latvia,LVA,..,258.1,435.4,554.8,648.7,728.6,1215.5,1135.8,1206.8,..,..,..
Scientific and technical journal articles,IP.JRN.ARTC.SC,Lebanon,LBN,29,356.4,656.6,723.5,761.4,778.8,904.1,1012,1050.3,..,..,..
Scientific and technical journal articles,IP.JRN.ARTC.SC,Lesotho,LSO,3,7.1,9.6,12.9,8.7,8.6,10.3,18.2,12.4,..,..,..
Scientific and technical journal articles,IP.JRN.ARTC.SC,Liberia,LBR,6,0,2.8,1.4,3.7,3.9,9.6,7.8,8.3,..,..,..
Scientific and technical journal articles,IP.JRN.ARTC.SC,Libya,LBY,36,58.1,109.7,139.7,243.5,331.6,139.8,181,231.4,..,..,..
Scientific and technical journal articles,IP.JRN.ARTC.SC,Liechtenstein,LIE,6,16.2,25,33.1,20.7,28.1,29.2,32.7,26.3,..,..,..
Scientific and technical journal articles,IP.JRN.ARTC.SC,Lithuania,LTU,..,459.2,1582.1,2309,2131,2239.2,2171,2169.4,2185.4,..,..,..
Scientific and technical journal articles,IP.JRN.ARTC.SC,Luxembourg,LUX,17,59.7,213.9,309.3,384.9,451.4,572.1,576.2,732.2,..,..,..
Scientific and technical journal articles,IP.JRN.ARTC.SC,"Macao SAR, China",MAC,..,..,..,..,..,..,..,..,..,..,..,..
Scientific and technical journal articles,IP.JRN.ARTC.SC,"Macedonia, FYR",MKD,0,150.5,253.7,310.3,379.8,312,421,440.4,439.9,..,..,..
Scientific and technical journal articles,IP.JRN.ARTC.SC,Madagascar,MDG,..,42.1,108.7,82,85,80.9,95.1,93.9,113.2,..,..,..
Scientific and technical journal articles,IP.JRN.ARTC.SC,Malawi,MWI,27,62.2,128.4,145.4,117.6,148,170.9,170.3,156.5,..,..,..
Scientific and technical journal articles,IP.JRN.ARTC.SC,Malaysia,MYS,233,1248.9,3850.7,6216.2,8549.7,11280.7,14962.2,15730.5,17720.1,..,..,..
Scientific and technical journal articles,IP.JRN.ARTC.SC,Maldives,MDV,0,0.5,4.7,0.9,3,2.8,6.7,9.1,5.3,..,..,..
Scientific and technical journal articles,IP.JRN.ARTC.SC,Mali,MLI,8,15.8,53.4,50.4,65.1,61.7,77.2,84.3,64.2,..,..,..
Scientific and technical journal articles,IP.JRN.ARTC.SC,Malta,MLT,14,38.6,106.5,180.2,151.6,179.7,192.1,238.4,259.2,..,..,..
Scientific and technical journal articles,IP.JRN.ARTC.SC,Marshall Islands,MHL,0,1.1,0.8,1.6,1.7,1.5,1.5,1.5,0.3,..,..,..
Scientific and technical journal articles,IP.JRN.ARTC.SC,Mauritania,MRT,1,5.9,9,5,6.3,6.6,14.6,13.7,16.2,..,..,..
Scientific and technical journal articles,IP.JRN.ARTC.SC,Mauritius,MUS,8,49.2,58.1,64.9,77,87.9,59,102.6,109.5,..,..,..
Scientific and technical journal articles,IP.JRN.ARTC.SC,Mexico,MEX,1038,4787.7,9348.5,10289,10701,11301.3,11877,12462.8,13112.4,..,..,..
Scientific and technical journal articles,IP.JRN.ARTC.SC,"Micronesia, Fed. Sts.",FSM,0,2.3,6.2,4.3,3.8,7.7,4.9,4.2,5.9,..,..,..
Scientific and technical journal articles,IP.JRN.ARTC.SC,Moldova,MDA,..,151.3,148.3,166.2,196.8,174.8,204.1,228,226.6,..,..,..
Scientific and technical journal articles,IP.JRN.ARTC.SC,Monaco,MCO,10,13.3,29.6,36.1,46.2,42.9,47.1,30.5,34.4,..,..,..
Scientific and technical journal articles,IP.JRN.ARTC.SC,Mongolia,MNG,12,23,101.7,91.9,102.1,93.4,101.8,125,163.9,..,..,..
Scientific and technical journal articles,IP.JRN.ARTC.SC,Montenegro,MNE,..,0,42.3,63.8,61.4,103.8,130.8,154.2,192.3,..,..,..
Scientific and technical journal articles,IP.JRN.ARTC.SC,Morocco,MAR,97,835.4,1048.5,1216.9,1499,1683.7,2045.7,2380.4,2536.4,..,..,..
Scientific and technical journal articles,IP.JRN.ARTC.SC,Mozambique,MOZ,4,18.1,41.7,45,58.9,44.6,72.9,60.4,67.8,..,..,..
Scientific and technical journal articles,IP.JRN.ARTC.SC,Myanmar,MMR,9,12.9,36.8,60.2,86.4,55.5,96.4,48.9,38.2,..,..,..
Scientific and technical journal articles,IP.JRN.ARTC.SC,Namibia,NAM,14,18.7,39.8,34.5,35.8,43.2,50,65.6,79.3,..,..,..
Scientific and technical journal articles,IP.JRN.ARTC.SC,Nauru,NRU,..,0,0,1.3,0.9,0,0.7,0,0.3,..,..,..
Scientific and technical journal articles,IP.JRN.ARTC.SC,Nepal,NPL,20,87.3,331.2,296.6,363.5,356.2,350.7,404.8,442.1,..,..,..
Scientific and technical journal articles,IP.JRN.ARTC.SC,Netherlands,NLD,10176,17268.2,25114,25969.5,27967.6,28272.6,29226.7,30262.1,30412.4,..,..,..
Scientific and technical journal articles,IP.JRN.ARTC.SC,New Caledonia,NCL,..,..,..,..,..,..,..,..,..,..,..,..
Scientific and technical journal articles,IP.JRN.ARTC.SC,New Zealand,NZL,2227,3997.1,5823.7,6141.2,6380.3,6601.6,7161.5,7398.1,7244.3,..,..,..
Scientific and technical journal articles,IP.JRN.ARTC.SC,Nicaragua,NIC,5,12.2,22.8,31.3,29.2,32.2,31.7,33.4,28.2,..,..,..
Scientific and technical journal articles,IP.JRN.ARTC.SC,Niger,NER,19,28,29.7,26.9,53.5,67.5,33.1,31.2,35.7,..,..,..
Scientific and technical journal articles,IP.JRN.ARTC.SC,Nigeria,NGA,815,918.9,2818.9,2887.4,3623.8,4063.1,4456.1,3904.8,3653.7,..,..,..
Scientific and technical journal articles,IP.JRN.ARTC.SC,Northern Mariana Islands,MNP,..,..,..,..,..,..,..,..,..,..,..,..
Scientific and technical journal articles,IP.JRN.ARTC.SC,Norway,NOR,2426,4644.3,7492.6,7691.5,8615.3,8825.9,9443,10039.8,9853.6,..,..,..
Scientific and technical journal articles,IP.JRN.ARTC.SC,Oman,OMN,27,175.2,375.1,372,423.7,472.7,603.3,588.3,657.6,..,..,..
Scientific and technical journal articles,IP.JRN.ARTC.SC,Pakistan,PAK,257,1017.7,3337.5,3983.9,4944.3,5677.2,6698.7,6980.6,7771.5,..,..,..
Scientific and technical journal articles,IP.JRN.ARTC.SC,Palau,PLW,..,0.3,8,3.7,2.6,5.2,1.8,2.2,3.5,..,..,..
Scientific and technical journal articles,IP.JRN.ARTC.SC,Panama,PAN,44,42.1,101.3,118.8,118,121,130,154.8,157.5,..,..,..
Scientific and technical journal articles,IP.JRN.ARTC.SC,Papua New Guinea,PNG,48,56.6,57.6,59.7,43.7,51.3,46,60.6,43.6,..,..,..
Scientific and technical journal articles,IP.JRN.ARTC.SC,Paraguay,PRY,7,11.2,31,38.7,36.4,38.3,55.9,57.6,61,..,..,..
Scientific and technical journal articles,IP.JRN.ARTC.SC,Peru,PER,77,125.7,290.6,345.4,397.5,466.8,545.7,563.9,647.8,..,..,..
Scientific and technical journal articles,IP.JRN.ARTC.SC,Philippines,PHL,157,312.3,457.8,525.9,585.5,652.3,841.5,842.4,915.8,..,..,..
Scientific and technical journal articles,IP.JRN.ARTC.SC,Poland,POL,3999,10948.2,20379.3,22213.9,22721.8,23706.2,25044.3,27064.7,28753.3,..,..,..
Scientific and technical journal articles,IP.JRN.ARTC.SC,Portugal,PRT,587,3078.3,7350.5,8469,9329.2,10283.4,11610.5,12623,13555.6,..,..,..
Scientific and technical journal articles,IP.JRN.ARTC.SC,Puerto Rico,PRI,..,..,..,..,..,..,..,..,..,..,..,..
Scientific and technical journal articles,IP.JRN.ARTC.SC,Qatar,QAT,24,44.6,243.4,279.1,324.5,398.3,457.6,616.2,770.2,..,..,..
Scientific and technical journal articles,IP.JRN.ARTC.SC,Romania,ROM,377,2054,4782.7,6794,8840.6,10394.5,10265,10605.9,11163.6,..,..,..
Scientific and technical journal articles,IP.JRN.ARTC.SC,Russian Federation,RUS,..,26431.4,28285.8,29569.8,30294.2,31607.1,33615.6,33260.4,35542.3,..,..,..
Scientific and technical journal articles,IP.JRN.ARTC.SC,Rwanda,RWA,8,3.2,21.7,26.3,33.1,54.2,55.8,62.7,91.1,..,..,..
Scientific and technical journal articles,IP.JRN.ARTC.SC,Samoa,WSM,2,4.7,5.1,2.8,5.4,6.1,6.6,2.5,4,..,..,..
Scientific and technical journal articles,IP.JRN.ARTC.SC,San Marino,SMR,1,2.2,1.9,4.8,1.4,1.3,2.3,5.7,6.8,..,..,..
Scientific and technical journal articles,IP.JRN.ARTC.SC,Sao Tome and Principe,STP,0,0.4,1.3,0,1.3,2.2,0,0.5,1.2,..,..,..
Scientific and technical journal articles,IP.JRN.ARTC.SC,Saudi Arabia,SAU,644,1471.7,2002,2232.9,2895,3755.9,5205,6227.1,7635.6,..,..,..
Scientific and technical journal articles,IP.JRN.ARTC.SC,Senegal,SEN,..,117.1,169.9,170.6,177.8,198.8,275,298,295.8,..,..,..
Scientific and technical journal articles,IP.JRN.ARTC.SC,Serbia,SRB,..,1178.3,2477,2897.3,3509.8,3947.7,4711.8,5599.4,5169.1,..,..,..
Scientific and technical journal articles,IP.JRN.ARTC.SC,Seychelles,SYC,0,4.9,12.3,11.6,7.1,7.8,9.9,9.8,15.4,..,..,..
Scientific and technical journal articles,IP.JRN.ARTC.SC,Sierra Leone,SLE,9,4.5,5.7,9.1,10.9,12.2,13.9,16.3,15,..,..,..
Scientific and technical journal articles,IP.JRN.ARTC.SC,Singapore,SGP,572,4249,8015.1,8468.4,8799.7,9617,9896.5,10602.3,10658.5,..,..,..
Scientific and technical journal articles,IP.JRN.ARTC.SC,Sint Maarten (Dutch part),SXM,..,..,..,..,..,..,..,..,..,..,..,..
Scientific and technical journal articles,IP.JRN.ARTC.SC,Slovak Republic,SVK,..,1971.1,2721.2,3287.2,3106,3452.4,3795.4,4184.2,4729.9,..,..,..
Scientific and technical journal articles,IP.JRN.ARTC.SC,Slovenia,SVN,..,1631.1,2658.6,2976,3183.3,3218.9,3624.3,3550.4,3514.2,..,..,..
Scientific and technical journal articles,IP.JRN.ARTC.SC,Solomon Islands,SLB,2,3.8,4.3,2.9,3.4,7.8,7.4,5,4.3,..,..,..
Scientific and technical journal articles,IP.JRN.ARTC.SC,Somalia,SOM,9,0.3,0,1.1,1.8,3.2,2.9,1.4,6.3,..,..,..
Scientific and technical journal articles,IP.JRN.ARTC.SC,South Africa,ZAF,2406,3546.5,5724.5,6137.3,6949.7,7531,8471.5,8955.4,9679.1,..,..,..
Scientific and technical journal articles,IP.JRN.ARTC.SC,South Sudan,SSD,..,..,..,..,..,..,..,..,..,..,..,..
Scientific and technical journal articles,IP.JRN.ARTC.SC,Spain,ESP,6837,23410.1,41318.2,43309.2,46712.2,48291.9,51288.4,53644.8,53342.1,..,..,..
Scientific and technical journal articles,IP.JRN.ARTC.SC,Sri Lanka,LKA,106,198.1,433.9,491,480.8,498.1,577.1,595.8,713.1,..,..,..
Scientific and technical journal articles,IP.JRN.ARTC.SC,St. Kitts and Nevis,KNA,0,1.5,2,4,3.1,3.7,4.1,9.3,13.2,..,..,..
Scientific and technical journal articles,IP.JRN.ARTC.SC,St. Lucia,LCA,0,0.3,0.9,0.2,0,2.3,1,0.2,0.8,..,..,..
Scientific and technical journal articles,IP.JRN.ARTC.SC,St. Martin (French part),MAF,..,..,..,..,..,..,..,..,..,..,..,..
Scientific and technical journal articles,IP.JRN.ARTC.SC,St. Vincent and the Grenadines,VCT,0,0.2,1.2,0,1.1,0.5,0.1,1.4,2.2,..,..,..
Scientific and technical journal articles,IP.JRN.ARTC.SC,Sudan,SDN,69,64.4,147.6,188.9,264,309.8,341.9,312.4,375.1,..,..,..
Scientific and technical journal articles,IP.JRN.ARTC.SC,Suriname,SUR,2,2.6,5.8,5.1,4.5,6.7,4.2,9.5,15.2,..,..,..
Scientific and technical journal articles,IP.JRN.ARTC.SC,Swaziland,SWZ,6,15.6,14.8,27.5,35.7,54.9,47.1,35.3,37.9,..,..,..
Scientific and technical journal articles,IP.JRN.ARTC.SC,Sweden,SWE,8172,13764.6,16506,16286.6,16831.5,17307,17948.8,18864.1,19361.8,..,..,..
Scientific and technical journal articles,IP.JRN.ARTC.SC,Switzerland,CHE,5901,11834.8,16702.5,17121.9,17836.8,18545.5,19483.7,20613.6,21060.4,..,..,..
Scientific and technical journal articles,IP.JRN.ARTC.SC,Syrian Arab Republic,SYR,34,91.2,155.1,200.8,160.9,233.2,281.3,315,310.5,..,..,..
Scientific and technical journal articles,IP.JRN.ARTC.SC,Tajikistan,TJK,0,23.1,31.5,31,23.3,39.6,41.9,64.3,70.8,..,..,..
Scientific and technical journal articles,IP.JRN.ARTC.SC,Tanzania,TZA,69,140.4,289.7,290,315.1,369,414.5,374.6,378.9,..,..,..
Scientific and technical journal articles,IP.JRN.ARTC.SC,Thailand,THA,282,1548.5,4788.1,5709.1,5989.1,6966.2,7553.3,8364.7,8630.8,..,..,..
Scientific and technical journal articles,IP.JRN.ARTC.SC,Timor-Leste,TMP,..,..,..,..,..,..,..,..,..,..,..,..
Scientific and technical journal articles,IP.JRN.ARTC.SC,Togo,TGO,5,32.7,33.5,40,42.3,49.9,52.6,54.2,69.1,..,..,..
Scientific and technical journal articles,IP.JRN.ARTC.SC,Tonga,TON,0,0.3,3.4,0.5,2.9,1.4,1.9,1.3,1.3,..,..,..
Scientific and technical journal articles,IP.JRN.ARTC.SC,Trinidad and Tobago,TTO,45,86.1,177.1,166.1,215.5,197.5,227.3,203.1,159.9,..,..,..
Scientific and technical journal articles,IP.JRN.ARTC.SC,Tunisia,TUN,104,590,2320,2748.6,3194.5,3461.9,3771.8,3859.8,4206.8,..,..,..
Scientific and technical journal articles,IP.JRN.ARTC.SC,Turkey,TUR,750,6601.2,21396.4,21816.2,24885,26172.8,27355.1,28329.2,30402.3,..,..,..
Scientific and technical journal articles,IP.JRN.ARTC.SC,Turkmenistan,TKM,0,4.6,4.9,2.6,5,5.3,12.2,13.3,6.9,..,..,..
Scientific and technical journal articles,IP.JRN.ARTC.SC,Turks and Caicos Islands,TCA,..,..,..,..,..,..,..,..,..,..,..,..
Scientific and technical journal articles,IP.JRN.ARTC.SC,Tuvalu,TUV,..,0,0.4,0.3,0.3,1,0,0,0.3,..,..,..
Scientific and technical journal articles,IP.JRN.ARTC.SC,Uganda,UGA,29,122.9,281.2,258.8,317.5,410.7,443.8,454.7,473.9,..,..,..
Scientific and technical journal articles,IP.JRN.ARTC.SC,Ukraine,UKR,..,4419.7,5156,5478.8,5312.1,5711.9,6118.7,6561.4,7217.8,..,..,..
Scientific and technical journal articles,IP.JRN.ARTC.SC,United Arab Emirates,ARE,33,293.8,735.6,878,995.2,1173.8,1397.3,1588.3,1679.1,..,..,..
Scientific and technical journal articles,IP.JRN.ARTC.SC,United Kingdom,GBR,39069,70089,88312.4,88851.5,91757.6,91788.5,94376.1,96764.7,97332.2,..,..,..
Scientific and technical journal articles,IP.JRN.ARTC.SC,United States,USA,191559,277784.1,376882.9,382256.8,388037.2,398121.9,409369.8,414758.5,412541.5,..,..,..
Scientific and technical journal articles,IP.JRN.ARTC.SC,Uruguay,URY,57,220,381.6,443.2,486.2,509.3,579.2,584.1,590.6,..,..,..
Scientific and technical journal articles,IP.JRN.ARTC.SC,Uzbekistan,UZB,..,328.2,352.1,299.1,336.4,380.8,371.3,321.1,346.6,..,..,..
Scientific and technical journal articles,IP.JRN.ARTC.SC,Vanuatu,VUT,3,2.8,2.6,4.4,5.6,6.3,7.9,6.4,7.1,..,..,..
Scientific and technical journal articles,IP.JRN.ARTC.SC,"Venezuela, RB",VEN,314,972.7,1399.6,1633,1650.8,1490.1,1277.3,1387.8,1196.1,..,..,..
Scientific and technical journal articles,IP.JRN.ARTC.SC,Vietnam,VNM,60,185.3,504.5,784.4,871.8,1112,1217.9,1581,1848.4,..,..,..
Scientific and technical journal articles,IP.JRN.ARTC.SC,Virgin Islands (U.S.),VIR,..,..,..,..,..,..,..,..,..,..,..,..
Scientific and technical journal articles,IP.JRN.ARTC.SC,West Bank and Gaza,WBG,..,39.7,76.1,90.4,109.6,123.1,126.4,138.7,125.8,..,..,..
Scientific and technical journal articles,IP.JRN.ARTC.SC,"Yemen, Rep.",YEM,0,21.2,46.1,59,81.3,106.3,119,118.7,127.1,..,..,..
Scientific and technical journal articles,IP.JRN.ARTC.SC,Zambia,ZMB,36,29.8,69.5,91,73.3,92,107.7,108.8,117.3,..,..,..
Scientific and technical journal articles,IP.JRN.ARTC.SC,Zimbabwe,ZWE,131,217.9,169.7,130.1,118.9,155,149.8,186.6,210.2,..,..,..
,,,,,,,,,,,,,,,
,,,,,,,,,,,,,,,
,,,,,,,,,,,,,,,
Data from database: World Development Indicators,,,,,,,,,,,,,,,
Last Updated: 02/01/2017,,,,,,,,,,,,,,,
